#linux on irc.oftc.net & irc.esper.net | wuppertal, nrw, germany
( • ∀•)–ψ
(135-910) / 2f coordi house bldg., 644-3 yeoksam-dong, gangnam-gu, seoul, korea
(u+2603)
.fr / .za
/home/spring
/tmp/
13.0810° n, 80.2740° e
212 in 718
33.8, -117.9
39012 meran italy
76829 landau/pfalz (germany)
77
801
97203
<3 saber! :d
a coruña, españa
a monitoring system near you
aalen, germany
aarhus, dk
aberdeenshire, scotland, uk
abington pa
acapulco, guerrero\
act, australia
adelaide, australia
african
ageo, saitama, japan
aiguafreda, barcelona
ajax,on
akihabara
akron, ohio, usa
alamo ca / philadelphia, pa
alaska, usa
albuqerque, nm
alkmaar, the netherlands
almere, the netherlands
aloha, oregon, usa
amersfoort, nl
amoy, china
andorra / barcelona
ankara, tr
ankara, turkey
ann arbor - university of michigan
ann arbor, michigan\
antwerp.be
araguaina
arcpro development land
arizona, usa
around the globe
asturias
asturias (spain)
atlanta, ga, usa
atlantic highlands, new jersey
auckland
auckland, new zealand
aus
austin, texas, usa, terra, sol, orion, milky way
austin, tx, united states of america
austrlia
aydin,turkey
azusa, ca
bad tölz
baden-württemberg, germany
badulla
bagé - rs
bakersfield, ca
baltimore, md, us
bamberg
bangalore / india
bangalore, los angeles
bangkok, thailand | seattle, washington, usa
bangkok, thailand.
banglore,india
banjaluka, bosnia and herzegovina
barcelona / amsterdam
bardstown, ky
barranquilla - colombia
bavaria (germany)
beaver dam, wi
beckley, wv
bedfordshire, uk
beenleigh, queensland, australia
beijing gtc
beijing, pr china
bejing,china
belarus, minsk
belarus, vitebsk
bellaria igea marina
bellevue, wa
bellingham,wa
bend, or. pdx, or. la, ca
bentonville, ar
bergen op zoom, the netherlands
bergisch gladbach
berkshire, united kingdom
berlin, germany, earth, solarsystem. milky way
berlin/sf
bh-mg-brasil
bielsko-biała
bielsko-biała, silesia, poland
birmingham, al  usa
birstein, germany
bit mesra, ranchi, jharkhand
bits pilani, india
bizerte, tunisia
bj. china
blacksburg, va
blumenau
blumenau, santa catarina, brazil.
blumenau, sc, brasil
bogor - indonesia
bogotá colombia
bojong baru
bonheiden, belgium
bosschenhoofd - the netherlands
boston, ma and stamford, ct
boston, ma usa
boston-ish, ma
boston/cracow
boulder / denver metro, co
boulder/denver
bozen/bolzano
bp-czech
braine-l'alleud, belgium
brasil / rn / natal
brasília-df, brasil
brazil, curitiba - pr
brazil, rio grande do sul, porto alegre
breim, norway
breizh, france
bremen, germany
bretagne, france
brisbane, au
broadway, uk
brooklyn park, minnesota
brooklyn, new york, ny
brooklyn, new-york, usa
brownsdale, mn
bs. as.
budapest, hungary, europe
buffalo, ny, usa
bulgaria, eu
bundang
burgdorf, bern - ch
burgthann, germany
burlington, vermont
burnaby
burnaby/vancouver/surrey, bc canada
bursa, türkiye
burton
busko-zdroj, poland
béthune, france
c
c.a.b.a argentina
ca, us
cabo de santo agostinho
cagliari, it
cairo  egypt
calgary, ab.
california and beyond
calverton, new york
cambrdige
cambridge / london, uk
cambridge ma, usa
cambridge, usa
campinas-sp, brazil
campo grande, ms - brasil
campo largo, br
campobello di licata, sicily, italy
campos dos goytacazes / rj
campos, rj, brazil
campos/niterói, rj
canada, québec, montréal
canberra, au
canoas, rs, brazil
cape coral, florida
capetown
caracas(chaos city)
carcassonne
cario, egypt
casalgrande, re - italy
castelldefels (near barcelona, spain)
castro valley, ca, united states
cd. juarez
ceará, brasil
celaya, guanajuato.
central us
cergy, france
cesena, italy
champaign, illinois
chandler, az usa
chandragadai, jhapa, nepal
changchun china
changzhou,jiangsu,p.r.c
charles town, wv
charleston, sc (usa)
chelyabinsk
chennai, tamilnadu, india.
chepstow, united kingdom
chertsey
chester
chicago, ill
chiclayo - perú
chico, california
china gz
china nan jing
china shenyang
china,hebei
china.nanjing
china.sh
chortkiv, west ukraine
cianorte, paraná, brasil
cieszyn
cincinnati ohio
cincinnati, claremont
cincinnati, oh
cincinnati, oh usa
city by the lake
cleeland
cleveland
cleveland, ohio, usa
cloud-based
codelab.kr
college station, tx, usa
colombia, manizales
columbia university
columbia, la
columbus, oh, united states of america
como, italy
concepción, chile.
concón, valparaíso, chile
connecticut, usa
conway, arkansas
coo
coosbay
cordoba argentina
costa mesa, ca
coventry
creedmoor nc
cristais paulista, são paulo, brasil
culemborg
culver city
cumbria
cunduacan , tabasco
curitiba - pr. brazil.
curitiba-pr
curitiba/brazil
da' hood
daegu, south korea
daegu/andong, korea
daejeon, korea
dakarnug.org
dakovo, croatia
dammam, saudi arabia
davao city
de - hamburg
delft, holland
delhi, india
demark
denver
depende
derry, uk
des moines, iowa, usa
diest
dijon, france
distrito c
distrito telefonica
dokkum, the netherlands
doorwerth, the netherlands
dordogne, france
draper, utah
driel, the netherlands
dublin, ireland, eu
dublin, oh
duisburg, germany
duluth , mn , usa
dundas, ontario, canada
duquesne university, 600 forbes ave. pittsburgh, pa 15282
durham nc
düren, germany
eagle mountain, ut
earth, sol system
east bay area, northern california
easton pa
ebisu, japan
echt, limburg, netherlands
edmonton alberta
eferding, austria
efnet irc network
egypt, mehalla
egypt,mansoura
el universo web
emmen
enschede, twente, netherlands
envigado! :)
erandio, bizkaia
erlang vm
erlang/otp in tokyo, japan
ernakulam kerala india
esfahan, iran
essen/ruhr
essex
ether
etterbeek
eugene, or and san francisco, ca
euthal, switzerland
evanston, illinois
falmouth, ma, usa
feasterville trevose, pa
federal way, wa, usa
feldkirch, austria
finalnd
flora, il
florianópolis/santa catarina
fond du lac, wi
formosa,argentina
fortaleza/ceará/brazil
foster city ca, usa
franca - sp - brazil
france / united kingdom
france, nord
france/montpellier
frankenthal germany
frankfurt a.m, germany
franklin, in
frederick maryland
french alps or at the bar
fresnes, france
friedberg, hessen, germany
ft lauderdale, fl
fukuoka japan.
funny place
gainesville, florida
galveston, tx
gandhinagar,gujarat,india
garrison, ny
genoa
gera, germany
germany, hameln
germany, nrw, duisburg
germany/69214 eppelheim
germany/bavaria
gerrards cross, england
glassgow
glendale, az
glenelg, south australia
globe trotting for an undetermined amount of time
glossop, uk
goiânia, go, brasil
goslar, germany
gothenburg
granada - spain
granada hills, california
grand blanc, mi
greater ny area
greater toronto area, ontario, canada
greensboro, nc  usa
groningen, nl
guadalajara, méxico
guangdong province, china
guarapuava - pr | brasil
guararapes-sp
guaymas, son. méxico.
guildford, london
guwahati, assam, india
haarlem, the nederlands
hagerstown/frederick, md
hamburg / bremen, germany
hamburg, deutschland
hamburg, kiev, kharkov
hamedan , iran
hangzhou, zhejiang, prc
hangzhou.china
hanoi,vietnam
happy valley, pa
harrogate
healdsburg, ca
helsingborg/sweden
herborn, germany
hervey bay queensland
hewitt, texas
hidalgo
hilo, hi
hiram, oh
hong kong / shen zhen
honolulu
http://codingcafe.jp/
http://mul.tiver.se
http://twitter.com/partakein
http://www.simplybusiness.co.uk
https://webchat.freenode.net/?channels=opentransactions&uio=d4
huizhou, china
hungary, gyor
huntington beach, ca, usa
hyattsville, md
hyderabad, india.
hydrabad
ibadan, nigeria
ica
ica, perú
iizuka, fukuoka
in the clouds.
in the netherlands
india, chennai
india, noida
internettsburg
inverness, scotland
iqaluit, nu
ireland - dublin
isle of palms, south carolina, usa
istanbul turkey
isère, france
ita
italy, lecce
izmir, türkiye
jacksonville, fl.
jakarta
jamaca
japan / vancouver, bc, canada
japan, chiba, matsudo
japan, china and singapore
jelenia gora, poland
jiangxi fuzhou | shaanxi xi'an
jiyugaoka tokyo japan
joinville - sc - brazil
joão pessoa, pb - brasil
jönköping
kalstad, sweden
kamloops, bc
kanda, tokyo
kandern, germany
kaoshiung
karlruhe, germany
kaunas, ltu
kendall park, nj
kent state university
kerala,kochi
kettering, oh
kichijoji, tokyo
killorglin, ireland
kingsbury, texas
kingston
kitchener
knoxville,tn
knust, kumasi
kobe!
koblenz
kochi,japan
kokomo, indiana
kongens lyngby, denmark
kongens nytorv 6, 1050, copenhagen k, denmark
konstanz, germany
korea seoul
kota kinabalu, sabah
krabi
krakow, poland\
kunming, yunnan, china
kuopio, finland
ky,usa
kyiv/svetlovodsk, ukraine
l'hospitalet de llobregat, barcelona
la crosse, wi
lafayette, indiana, united states
lahstedt / germany
lake forest, ca.
lalitpur , nepal
landsberg am lech, germany
lanexa va
larne
las vegas, nv, united states
latinoamérica y el caribe
lausanne (switzerland)
layer 8
le mans, france
leeds, west yorkshire, united kingdom
leeuwarden, fryslân, the netherlands
lehigh valley, pennsylvania, usa
leipzig / germany
leipzig, cologne
lesneven, fr
lewes, east sussex, uk
lexington, ky 40508
liberty corner, nj
lima/perú
limoges, france
lino lakes, mn
lisbon, wi
litchfield nh
little red dot
liverpool
lockport, il.
logan circle, washington, dc
loin
loja
london ontario canada
london or yorkshire
london, lagos & nyc
london, uk, mostly
lonson
los altos hills, ca
los angeles, ca 90048
loughborough
lounging on the chair, drink chilling on the table, laptop open
loves park, il
ludwigsburg
luleå, sweden
lusaka
maastricht nl
macapa-ap
maceió, al, brazil
madison wi
magnitogorsk
mahattan beach, ca
mahomet, il
majalengka
makawao, hi
mallorca / barcelona
manaus, am, brasil
manhattan, new york city, ny
manila ph
manitoba
maracay
maracay-aragua
maringá - paraná - brazil
marion, in
marratxí, illes balears
maryland, u.s.a.
marylhurst, or
mass, usa.
massachusets
massachusetts/new york/california
matinhos - pr / brazil
maui, hi
mayfield heights, oh
maynooth
medellín, col
medicina, bologna, italy
merry ol' england
metro detroit
metrowest boston
mettmann, germany
mexicali baja california
middle of the pacific
millingen aan de rijn, the netherlands
minsk, moscow
mirande
mission district, san francisco, ca
mission, bc
mississauga , on canada
mit
mit,manipal
mnaipal
moca, republica dominicana
monréal, qc, canada
montes claros - brasil
morocco, africa
morton, il
moscow region
mother earth
mougins, france
mountain view, ca, us
mountain view, calif.
mountainview
mukilteo wa
mumbai, maharashtra. india
mumbai. india
munich / germany
munich / münchen
murcia - españa
muriaé/mg - brazil
myrtle beach
mérida, yucatan, méxico
méxico city
méxico. d.f.
mórahalom, hungary
mödling, austria
münster
nagoya, japan
nanaimo, british columbia, canada
nanjing university, nanjing, jiangsu, china
nanjing, jiangsu
nantes (fr)
nantes - france
nantes city rockers
naoned, breizh, bro-c'hall (frañs)
narvik norway
nashville, tn usa
natal
natal - brazil
natal, rn
near london / uk
nederland
nes-ziona, israel
netherlands, ridderkerk
nettetal, germany
new england, us
new haven, ct
new york city and houston
newcastle-under-lyme
niagara region, ontario, canada
niigata/japan
nilgiris
ningbo / zhejiang / china
nizhniy novgorod, russia
noia, galicia
noida, in
norfolk, virginia
north hollywood, california
north miami beach
northfield, mn, usa
northwest ohio
norwich, norfolk, england
not only sweden
novokusnezk
nuneaton
nuremberg
nyc.brooklyn.dumbo
nyx
nz
oakland, california
oakville, on
obour city, egypt
ohmori, shinagawa-ku, tokyo
old europe
oleiros, coruña (españa)
ommen
online
online, somewhere
ontario, ca
orlando, florida usa
oshawa, on
ostrołęka, poland
osório / rs
oxford, ga
p.s.d.r.e.r.f.
pacific north west
pakistan
palm beach fl
palm harbor, fl
palmas/to
paraná - brazil
pardubice
paris / le mans
patos/pb
pelotas-rs, brazil
pengadegan, jakarta selatan
pensacola, florida
perm'
perth, wa australia
pgh, pa
philadelphia, pa and louisville, ky
philly burbs
phoenix, az, usa
phoenixville, pa
pickering, ontario
piestany
pinole, ca
pirkkala, finland
pirot, serbia
pittsburgh pa united states
pittston, pa
planet earth, mostly.
pleasant grove, ut
poland, częstochowa
poland, gdańsk
poland, krosno
poland, lipowa tucholska / poland, gdańsk
polk city, ia
polska
polska, ruda śląska
pompano beach, florida
popup tips
port huron, mi
portland metropolitan
portland or, usa
portland, or, usa
portland, or.
portland, oregon
portland, oregon usa
porto alegre (brazil)
portugal
potsdam, germany
pottstown, pa
pouso alegre, mg - brasil
poznań, pland
prachinburi thailand
princeton nj
private
provo, ut
puebla, pue. mexico
pullman washington, usa
pune, maharasthra, india
pune-mumbai
purdue
putrajaya, malaysia
qazvin, iran
qingdao shandong  p.r.china
queens, new york
québec, qc, ca
raanana
rack city
ramstein ab, rheinland-pfalz, deutschland
rasht,iran
reading / london
redcar, united kingdom
redditch, england
redmond,wa
remagen, germany
republic of china
republic of korea
republic of moldova, chisinau
research triangle park, nc
resistencia, chaco
rexburg, idaho
richmond, british columbia
riga, lv
rio de janeiro, rio de janeiro, brasil
roanoke, us
roanoke, va
roberts creek, bc
romainville
room 601, building #2, sbi chuangye street, dongxin road, east lake development zone (430070)
rosario, argentina
rosmalen, netherlands
rothenburg odt, germany
rovigo, italy
rtp, north carolina
rua araguari, 358 - sl 1103/1104/1301/1303 / bairro  barro preto / cep  30.190-110 / cidade  belo horizonte
ruby on rails & backbone & coffeescript & linux & xen & ovd & vim == software developer & system integrator
ruhrarea/germany
russia, bryansk
russia, kenigsberg
russia, moscow, kompozitorskaya st, 17
russia, norilsk
russian federation, tula
rutherford, nj
rye brook, ny
sacramento, ca
sagami no kuni
sagamihara, kanagawa
saguenay, qc, canada
saint clément les places, rhône, france
saint dié des vosges (university of lorraine)
saint petersburg, fl, us
saint-petersburg
saint-petersburg, russian federation
saitama japan
salmon arm, bc canada
saltillo, mexico
salvador, bahia,  brasil
san carlos, california
san cristóbal de la laguna, spain
san diego, ca 92154
san francisco / minneapolis
san francisco bay
san francisco bay area, ca, usa
san francisco ca & hailey id
san francisco, ca/ new york, ny
san francisco, california, usa
san francisco, shanghai
san franciso, california
san fransico, ca
san marino
san miguel de tucuman, argentina
santa clarita, ca, us
santa cruz & silicon valley, ca
santa cruz de tenerife
santa lucia di piave (tv), veneto, italy
santa maria, ca
santa monica - california
santa monica ca
santa rosa, california
santiago, chile <=> san francisco, ca
santo andré - sp - brazil
santo domingo, república dominicana
sao paulo / sp
sardegna
sarlanagar, india
sc
schroeder - santa catarina
seal beach, calif.
sendai, japan
seocho, south korea
seoul, korea republic
seoul,korea
sf dc null
sf, ca, us
shandong, china
shanghai & chengdu & beijing
shenzhen , mainland china
shermerville, il (chicago area)
shibuya.tokyo
shicuan
shinjuku, tokyo, japan
shizuoka/japan
si
silicon valey
sin city
singapore, hong kong
skåne county, sweden
sleepy hollow, ny
slick city
smithfield, utah, usa
sobral, ceará, brasil
sol/earth/europe/germany/emsbueren
solothurn, switzerland
somerset, united kingdom
somerville, massachusetts, united states
somewhere in the eastern us
somewhere on the northern hemisphere
sonnefeld
south east usa
souther california
southfield, michigan
southwest germany
spain tenerife
spring, tx
springfield, mo usa
st.petersburg
stafford, united kingdom
stanford
stockholm, sweden
stockhom, sweden
stockton ca.
stralsund
stroud, gl5, uk
surbiton, uk
sussex, england
swansea, uk
sweden
swindon, united kingdom
switzerland zürich
switzerland, root (lucerne)
sydney, australia -> san francisco, ca
sydney, nsw, australia.
são bernardo do campo - sp
são bernardo do campo - sp - br
são caetano do sul, sp - brazil
são carlos, sp
são josé dos campos - brazil
são paulo
södertälje, sweden
tadley, uk
taicang,suzhou,china
tainan,taiwan
taipei, tw
taiwan kaohsiung
taiwan, banqiao city
taiwan-taipei
taiwan/taipei
tallahassee
tamara (ferrara), italia
tampico, mexico
tanzania | uganda | kenya | india
taquara - rs
tarnowskie góry, poland
tarpon springs, fl
tarragona spain
tauranga, new zealand
tbilisi, goergia
tehran - ir iran
tenerife, canary islands, spain
tenerife,spain.
teresina, pi, brasil
terrassa - barcelona
thailang
the d
the earth
the netherlands, groningen
the one and only, manhatten
the rollercoaster of love
the united states
these are the git repositories of the infrastructure currently obs patch queue\
tn - usa
tn, usa.
tokyo & u.s.
tokyo.jp
tokyo/shibuya
toronto & new york
toronto / vancouver
toronto ontario, canada
toronto, on - canada
toronto,ontario,canada
toronto/canada
toyama
trapped in my own little world
trenčín
trichy
troy, ohio
tucson arizona
tucuman
tucumán
tunisia, sousse
turku finland
twitter - @m0nk_dot
tysons corner, va
uberlândia, brazil
ucsd
uestc
ufa/paris/world
uk at current moment
uk/france
united kigndom
united states, ohio
united states. ohio
university of new south wales
unoesc - brasil
uppsala, sweden
usa, new jersey
usa, nj
usingen, germany
ut, usa
utah, usa
utrecht,nl
valatie, ny
valencia (spain)
vancouver wa
vancouver. bc
varazdin
veliky novgorod, russia
venezuela, ta, ca
verges, catalonia
vigo - galicia
vilanova i la geltrú, es
villahermosa tabasco
villahermosa tabasco mexico
villeneuve d'ascq
vilnius
vineuil
virginia beach, va
virtual world
voghera, italy
volta redonda / rj
vác, hungary
vélizyvillacoublay
waldshut-tiengen
walheim, baden-württemberg, germany
walldorf, de
wanchai
warangal
warsaw poland
washington dc, and skopelos, greece
washougal, wa
wasserburg am inn
waterloo
waterloo / toronto / new york / san francisco
west
west flandres, belgium
west lafayette , indiana
west midlands, uk
westboro, wi
westwood, los angeles
whenever, wherever...  we're meant to be together.
whippany, nj
whitby, canada
white mountains of new hampshire, usa
wilkes barre pa
wilmington delaware
winnipeg manitoba canada
wisconsin/remote
witney, oxfordshire, uk
wolverhampton, united kingdom
women's organization of waze.  village of wazapur, taluka-panvel, district-raigad.
woodbridge, ca
woodland hiils
woods hole, ma, us
woodstock, ct
world wide web
wrentham, ma
wrocław/poland
wuhan hubei china
wuhu, anhui, china
wuxi, jiangsu, china
xanthi, greece
xiamen university, xiamen city, fujian province, china
yamaguchi
yantai,shandong
yaroslavl, russia
yinchuan ningxia china
yogyakarta-indonesia
yorkshire (england)
yucca valley, ca
yutz, france
zaandam, the netherlands
zanjan
zeeland, nederland
zhejiang, hangzhou, china
zn-sao paulo, jd sao paulo
åre
île-de-france, france
☠☠☠ nyc ☠☠☠
中国深圳(shenzhen, china)
北京朝阳区三元桥
台灣
山楂树树枝
杭州西湖区
深圳宝德软件开发有限公司
空
茨城県
西東京
